UrbanPopulation,Surface_Area_of_Built_District,Road_Surface_Area_Per_Capita_m2,Parkland_per_capita,Rate_of_non_hazardous_treatment_of_domestic_waste(%),Population_urbanization,GDP,First_sector_of_GDP,Industrial_wastewater_discharge_(tonnes),Industrial_fume_emissions_(tonnes),Comprehensive_industrial_solid_waste_utilisation_rate(%),Citycode,Area_of_administrative_districts,Greening_coverage_in_builtup_areas,Year,CO2,ISA,NPP,NTL,PD,pm2.5,Science_expend,SO2_REMOVE,Sewage
1863.4,1469.05,7.57,16.3,99.94,0.865,303199787,0.39,8422,15343,68.93,110000,16405,48.44,2018,77704186.7270779,3785.89,394.495890604855,21.8227231191,815.16436,44.1819144199,4258712.0,266360.0,93.4
1296.81,1077.83,11.67,9.38,98.37,0.8315,188096400,0.92,17729,34837,98.9,120000,11924,38.03,2018,136320006.110825,4174.41,323.642982866888,32.2453064263,773.890542706664,52.7190441835,1057097.0,1313982.0,97.9
281.16,309.12,21.77,16.35,100.0,0.6316,60826180,6.91,6660,27420,84.0,130100,14058,41.16,2018,84371591.0120034,2984.41,331.391649938857,13.3742366141,508.018181818182,60.3145831232,118720.0,1123190.0,99.66
193.99,249.0,18.02,15.54,100.0,0.6314,69549700,7.09,7877,227824,74.41,130200,13808,41.51,2018,285221921.049723,3583.2,379.800367228061,18.8090181921,380.437365748877,47.4855075827,89057.0,1436456.0,98.6
100.9,138.43,17.74,17.89,100.0,0.5942,16355631,12.43,2023,19289,77.46,130300,7792,41.29,2018,21050996.3275622,1059.48,457.052577485794,9.07985757884,261.978827913279,39.7490571174,30638.0,185866.0,97.01
194.78,188.55,20.39,15.71,100.0,0.5687,34545705,9.07,2591,61141,80.0,130400,12070,42.76,2018,123080993.168951,2772.67,323.66712456159,12.5238490942,543.523125178215,63.0372299662,53089.0,870523.0,98.41
90.52,105.89,17.32,16.72,100.0,0.5291,21507611,12.34,4137,36704,95.6,130500,12442,41.44,2018,47226352.2798726,2892.11,304.311234688509,10.3171359614,405.736659888993,62.382643211,29004.0,140243.0,97.0
143.46,195.0,18.92,10.77,99.21,0.5254,35897885,11.54,6539,9255,76.0,130600,22200,42.2,2018,51207939.3271595,3569.44,364.579833335772,10.2347159603,348.899675109801,53.6505453774,43063.0,561733.0,97.81
100.63,100.94,18.59,9.8,98.95,0.5724,15366202,14.75,1827,23701,48.09,130700,36787,39.98,2018,44667627.2471167,1291.42,376.139452052527,2.33813849752,79.7467465874531,31.5669245849,28555.0,635857.0,96.92
55.03,78.02,18.38,19.87,100.0,0.5207,14815102,18.05,984,27287,23.12,130800,39491,42.43,2018,32458583.2056264,665.53,466.786212914486,1.59094134942,58.891334925256,30.423102816,25418.0,148279.0,96.81
56.41,83.66,18.11,11.68,100.0,0.5364,36764121,7.5,3366,19408,99.41,130900,14140,37.74,2018,42707431.7778627,3019.46,283.721386030168,15.1909516163,355.898089477727,56.1272631866,57651.0,167863.0,99.91
50.74,69.66,18.85,13.93,97.98,0.6001,31082249,6.33,1036,10507,90.37,131000,6415,47.7,2018,33950389.0465316,1889.66,315.045779140495,25.3560960399,471.795144315932,55.1571478889,56004.0,26039.0,96.67
60.98,75.59,15.63,12.28,100.0,0.5206,15586909,12.86,741,3527,78.29,131100,8834,40.33,2018,30258681.5678102,2066.96,280.0665872156,8.34452736318,348.10845405074,59.5838684945,45227.0,27544.0,98.13
293.46,340.0,16.55,12.05,96.82,0.8487,38844778,1.06,3424,16686,36.35,140100,6905,44.67,2018,55355244.189838,753.45,423.442084747317,13.1978849775,427.415162808945,44.9502976477,250447.0,916040.0,93.0699999999997
122.75,125.2,19.0,14.15,92.85,0.6397,12719598,5.08,2082,18426,19.0,140200,14059,42.87,2018,55023669.990498,815.7,356.668946804087,5.56261987639,161.91118713971,34.6054608138,21855.0,427140.0,89.833333333333
61.91,62.2,16.74,9.79,80.15,0.6849,7336944,1.45,389,11087,15.53,140300,4564,37.89,2018,17555794.9086338,223.03,428.874474535168,6.67654808959,210.03756840704,47.482540112,6539.0,621199.0,93.38
71.48,59.3,10.65,10.8,97.39,0.5396,16456336,3.89,4629,27270,49.49,140400,13967,47.31,2018,60193436.1298464,567.93,476.099392302504,6.78225748803,171.625495049505,49.5346048962,19628.0,172137.0,95.17
49.8,47.87,12.37,12.13,100.0,0.5988,13518530,3.64,3174,19975,47.41,140500,9425,45.8,2018,39837007.0894911,434.55,483.980523672884,5.72700233694,175.179863582444,51.5074148945,15057.0,277103.0,100.0
37.86,49.7,23.08,15.42,100.0,0.5631,10656332,5.43,1119,40865,38.0,140600,10630,40.16,2018,42050564.4759825,528.64,335.517862451408,6.21286802747,110.669234592445,35.5653966819,5616.0,242787.0,95.14
43.54,84.0,25.78,16.3,100.0,0.5537,14476039,7.87,879,5267,96.3,140700,16370,37.21,2018,39822570.2143225,921.07,459.032513860107,6.01768939856,140.530499229712,47.3689193799,22871.0,904729.0,96.3
53.0,66.0,12.95,10.92,100.0,0.502,15096407,14.95,5231,36695,24.18,140800,14234,37.21,2018,63796902.1400923,1645.23,468.813148216253,5.52444600774,263.774147235012,56.4724017633,18367.0,1189636.0,99.3333333333333
27.46,36.56,24.9,14.09,100.0,0.5095,9891298,7.04,822,14056,63.7,140900,25148,38.03,2018,30960293.7367201,621.27,403.594833545348,2.95195552908,84.5756729439302,37.4395314631,13771.0,220812.0,95.69
58.16,54.0,11.45,11.76,97.27,0.5254,14400430,6.51,4616,51450,74.98,141000,20310,38.68,2018,61776458.2483048,1208.54,462.875532204008,3.91798511509,153.497677436983,50.4964544503,11190.0,723315.0,97.27
27.9,33.32,15.53,15.85,88.04,0.5031,14203195,4.19,2206,43692,42.6,141100,21143,40.58,2018,56200514.4760632,806.78,424.519723961991,4.6665719697,124.502889240404,43.0460630556,17641.0,214865.0,89.11
155.82,260.0,12.5,16.91,99.89,0.6982,29035000,3.73,2435,85267,23.37,150100,17179,40.31,2018,63295572.7400492,612.48,291.904589990291,5.32791659386,113.21844327779,33.1171896386,33397.0,4559041.0,98.77
137.8,211.12,15.68,14.94,99.7,0.8357,29517900,3.1,3263,62764,40.94,150200,27737,44.5,2018,89462597.2506096,827.42,178.513173652696,2.26140522521,64.3077623226288,30.2462851627,48268.0,433233.0,95.88
44.96,62.3,26.8,19.43,100.0,0.9498,4959360,1.01,842,28969,63.0,150300,1656,43.0,2018,28435950.248228,196.91,103.791043307086,17.5719467956,219.0928,38.9262463845,10096.0,-1024837.0,98.1
77.55,106.07,25.44,18.82,100.0,0.3089,15498400,19.74,1337,9239,38.16,150400,86919,42.58,2018,37515545.435291,1507.72,307.690708455035,0.780449934442,32.5897289894767,25.5368755636,19085.0,-1826370.0,95.65
43.3,62.5,26.65,20.87,99.66,0.4943,13016000,20.78,2031,19778,54.35,150500,58861,42.16,2018,43279659.9063451,2220.08,280.506975045772,0.802969052553,34.4694540545102,27.6267304859,11453.0,620208.0,98.24
29.94,59.46,23.15,13.41,99.49,0.7263,12529000,21.48,3991,55654,16.07,150700,252851,36.05,2018,48472305.5824655,1153.17,478.069939065025,0.218038326972,6.27641813823112,18.0206654469,15352.0,87155.0,97.07
31.79,51.0,28.89,12.06,99.36,0.5486,8131300,22.67,2036,17957,37.52,150800,65072,36.27,2018,17217830.5544369,1060.88,157.001348896268,0.453904954872,17.1444755563031,32.4420042979,6865.0,66956.0,98.64
25.61,70.0,35.15,39.93,92.56,0.4974,7645200,15.93,641,20195,55.8,150900,54444,40.1,2018,61442371.7933239,590.34,229.169746238468,0.77787783005,26.1696439106119,28.5470629124,7360.0,7981.0,95.16
443.27,560.0,14.68,12.81,100.0,0.81,62923981,4.13,5369,8166,81.55,210100,12870,39.23,2018,43426741.1257466,2244.26,313.763407668621,13.4121212121,416.891673683689,39.1521940203,181126.0,436910.0,94.95
338.59,404.5,15.52,10.75,100.0,0.783,76684823,5.77,12907,17655,90.65,210200,13247,46.67,2018,48343409.7776152,2544.72,517.366339659468,10.9588674053,352.506120985504,34.1476794343,356622.0,496758.0,90.16
130.11,174.34,22.6,10.82,99.98,0.7597,17510580,5.53,2097,71075,41.11,210300,9253,39.83,2018,97764420.0003053,1118.6,447.545603299638,8.65205656915,265.703007254032,35.1500208672,9300.0,25348.0,93.11
120.75,141.34,11.71,11.61,100.0,0.7468,10488211,5.24,1933,13551,14.28,210400,11275,44.5,2018,25339421.3579026,487.59,562.571766600257,3.61728723404,126.464564239768,30.2612415138,3868.0,618829.0,82.3850000000002
81.64,109.0,12.64,11.44,100.0,0.7083,8230867,6.07,2893,62437,46.2,210500,8414,49.76,2018,28044888.4543063,339.11,585.137188016905,4.53817792578,136.428461538462,29.1006004162,2700.0,88924.0,96.59
63.38,84.89,12.57,12.51,100.0,0.68,8167389,16.69,713,5914,93.36,210600,14670,36.3,2018,14013965.5411814,690.45,584.100116506473,2.36997971602,112.66168520065,29.7117510733,9632.0,223244.0,64.77
95.6,77.1,12.62,14.66,94.46,0.5626,11924093,15.11,2233,22724,83.69,210700,9997,38.55,2018,12127913.6681091,1423.98,323.845115368836,5.70034705007,210.859768017724,37.7258968449,14216.0,425134.0,96.9
77.45,180.07,22.05,14.14,90.46,0.6478,13467208,7.62,2004,76023,95.83,210800,5331,37.57,2018,34798965.3211,925.79,471.122949586155,14.3688808007,311.900284196219,35.6634913158,4201.0,266060.0,91.9966666666678
75.14,76.5,12.42,12.09,100.0,0.424,4459906,21.37,614,6605,31.77,210900,10324,41.14,2018,11521684.9775383,900.35,328.634535109959,2.40281007752,115.985547355474,33.6254922706,2007.0,-92892.0,99.83
72.77,106.56,18.59,12.11,100.0,0.6242,8697260,8.72,2448,12717,26.87,211000,4732,42.72,2018,36214429.7341223,711.5,394.471301613345,15.3874867444,266.148280115116,36.7240692536,5622.0,462239.0,99.86
74.46,106.89,19.79,14.0,100.0,0.7318,12165782,7.95,2416,2376,79.53,211100,3661,43.18,2018,11197827.7928813,768.61,315.892082358447,21.5743402143,261.825758936591,38.9344545624,6528.0,13205.0,99.0
38.4,65.98,15.32,13.85,100.0,0.4407,6166189,22.98,1288,9896,60.76,211200,12981,32.21,2018,27718224.7473306,906.4,400.307266893167,3.43869923711,137.878814553991,34.8704705637,7834.0,278902.0,99.725
57.45,59.2,9.71,13.11,100.0,0.4001,8314297,21.22,485,58051,46.18,211300,19700,25.58,2018,26205414.5948073,1342.88,392.193068214894,2.54430958306,103.197804710725,33.2320988836,4106.0,15627.0,95.0
68.3,90.2,4.17,10.49,96.0,0.35,8127841,15.2,1738,3839,79.7,211400,10327,36.1,2018,17863253.3267757,998.09,440.983053288531,5.25696477477,172.551431466937,36.4413304416,12405.0,438330.0,98.6
361.92,541.73,16.38,13.84,96.76,0.5876,71757117,4.21,2653,15953,83.44,220100,20557,41.58,2018,47001917.117776,2079.08,339.274671839967,7.15122483628,227.113899421273,32.9082980232,121743.0,197913.0,93.05
125.46,191.73,13.05,12.21,87.0,0.5294,22102386,6.66,8735,28768,35.39,220200,27716,39.0,2018,36950197.1511544,822.0,525.577091280047,2.38580659134,103.310821147357,29.4612040534,20098.0,365025.0,97.15
54.41,62.0,11.85,9.25,86.91,0.3667,9443242,21.66,1402,9545,37.8,220300,14414,36.59,2018,14988024.8481473,674.1,345.014305800701,3.22203770636,144.980480389176,33.1352901272,5216.0,31018.0,85.91
43.39,57.77,9.23,14.32,91.03,0.517,8293000,8.53,1514,12893,72.53,220500,15559,36.59,2018,13084728.883078,413.63,576.019565556816,2.01924810094,99.069339333197,28.8668780082,40403.0,46132.0,95.12
37.42,47.57,10.49,5.46,84.75,0.743,6617099,8.03,447,4246,58.23,220600,17434,24.0,2018,9600154.63788109,195.98,643.317149901041,0.956843615495,49.1904151717068,26.8435826626,5148.0,55427.0,85.14
40.48,51.59,13.97,17.78,100.0,0.3289,13736009,12.97,705,3113,76.63,220700,21160,36.5,2018,9255467.7537062,1603.22,289.269413584796,1.95457764767,86.3972824515756,30.463569081,1966.0,-4953.0,96.75
24.22,45.34,13.63,7.85,100.0,0.4402,6065061,19.34,426,4600,77.94,220800,25756,34.25,2018,11583388.3700861,2337.68,253.671475707033,1.05493269193,49.6502175702693,26.5377686272,12740.0,22104.0,94.17
421.4,441.71,15.74,10.44,91.33,0.491,63004794,8.34,2042,25292,98.27,230100,53076,35.37,2018,43187905.5563293,2301.06,481.440464155466,2.96007686945,125.089451878014,29.3911287051,119777.0,40376.0,94.4666666666666
107.76,140.81,11.22,9.97,82.12,0.3883,13401571,22.83,2746,18492,79.25,230200,42259,38.28,2018,24114031.8673606,2256.29,362.94047122994,1.51310932324,76.4020143884892,24.7133242374,11429.0,5478.0,85.6133333333346
65.77,80.4,10.57,10.95,92.5,0.6601,5351782,35.37,1339,3746,27.39,230300,22466,39.6,2018,8454736.65274275,566.95,459.081496023212,1.08288544397,51.7924573817948,26.107575833,4734.0,31830.0,86.0
115.3,248.37,25.79,13.34,96.99,0.5282,28011583,7.13,3683,8638,61.58,230600,21193,43.68,2018,24602498.6740257,2972.17,314.578140170615,5.40985230972,84.2500349875444,27.4846741686,7125.0,80132.0,95.3
75.6,154.02,12.79,24.12,68.69,0.8094,2741523,37.85,515,9486,10.38,230700,32792,31.8,2018,11696733.6549348,342.86,570.723141357394,0.471711327649,21.0015851768353,20.8257509472,1856.0,2826.0,91.94
58.5,95.68,11.25,14.58,94.3,0.5309,10120491,35.29,379,3995,57.06,230800,32702,42.0,2018,14944956.7363331,922.66,408.97210919535,1.840669636,47.5659480988016,25.969925205,2682.0,13571.0,87.5
37.69,67.6,11.64,12.59,100.0,0.6205,2503258,12.35,388,6383,79.8,230900,6189,44.43,2018,11398053.2354522,230.16,467.116400783657,3.98265157049,92.480994293452,25.2520936052,1526.0,7729.0,94.0
66.5,82.24,15.9,11.63,96.88,0.6032,13027111,12.61,539,5516,61.59,231000,38796,27.6,2018,11900304.9741527,702.1,585.609754530068,1.0173355314,45.8797335480103,24.3347100943,10647.0,-13413.0,67.0
13.46,20.0,12.3,13.12,100.0,0.5844,5051299,44.19,814,5573,6.72,231100,66870,40.5,2018,6238728.16954781,741.08,499.047565554923,0.382346783118,14.6050317743183,20.9377458353,5086.0,83919.0,94.1150000000002
35.52,45.0,6.87,8.47,99.25,0.2521,13595852,35.23,809,2071,86.78,231200,34905,26.0,2018,12606708.8445411,1836.9,388.51245259553,1.98402775786,95.0158157415526,28.9044181765,4235.0,631.0,94.0160000000001
2423.78,1237.74,4.58,8.49,100.0,0.88,326798700,0.32,29144,16163,93.05,310000,8059,39.4,2018,188922189.730246,2534.56,556.854880305791,45.4604424447,2739.26181237161,34.4438289143,4263655.0,71649.0,95.2
622.79,817.39,24.2,15.47,100.0,0.825,128204000,2.13,15534,35914,88.4,320100,6586,45.1,2018,110150835.11288,1403.59,511.76040542664,32.0009097801,916.397547774219,45.8243010574,805440.0,1498832.0,79.3
225.79,343.09,27.6,14.91,100.0,0.7628,114386200,1.09,20622,52929,91.0,320200,4625,43.0,2018,54564297.4895019,1269.55,507.197959006427,41.7572069186,1063.35199743302,44.2899659077,496770.0,259327.0,97.3
195.76,271.3,22.47,14.29,100.0,0.651,67552300,9.35,3062,21252,98.0,320300,11146,44.0,2018,135388525.840885,2863.34,474.21611580763,17.0392526722,562.758681540304,57.809328988,254531.0,890255.0,93.0
161.83,267.8,20.85,12.19,100.0,0.7249,70502700,2.22,12407,32258,100.0,320400,4371,43.0,2018,67191487.719313,910.1,506.272538231248,33.6102587589,797.13149540518,46.8062189036,253942.0,105998.0,89.8
277.08,475.88,31.49,13.01,100.0,0.7605,185974700,1.15,39730,39669,94.0,320500,8664,41.0,2018,179947987.788653,2210.98,469.353962809172,45.144,955.698118255596,40.6894146838,1522777.0,-2180303.0,91.0
117.26,232.63,31.05,18.99,100.0,0.671,84270000,4.72,13351,4518,95.25,320600,9484,44.0,2018,46660710.0609545,1376.38,608.711434017912,25.5835530318,642.167755621553,37.7615058048,377790.0,568861.0,89.39
94.37,223.0,22.9,14.36,100.0,0.626,27717000,11.75,3770,13397,94.6,320700,7450,41.0,2018,49996460.1465978,1585.72,527.858641636977,17.8394980185,436.988356556595,46.5698761931,99205.0,14556.0,89.4
134.42,190.0,23.38,14.24,100.0,0.6244,36012500,9.96,3207,6904,98.2,320800,10033,42.0,2018,30908728.827537,1306.16,549.823792012944,9.97712580806,358.056619959966,48.2353553275,93497.0,266642.0,82.3
129.67,164.0,25.47,14.15,100.0,0.6403,54870800,10.45,9174,13182,98.2,320900,15492,43.0,2018,34046692.3011938,1959.99,609.736261348479,11.7144194172,365.545053987314,40.321348764,284450.0,-34450.0,86.2
106.78,171.83,22.91,19.01,100.0,0.6713,54661700,5.0,7366,11899,96.0,321000,6587,44.0,2018,29390984.1781115,985.1,541.033353189644,20.1564449855,507.728396412164,47.050161504,160500.0,506967.0,88.0
79.25,142.77,28.1,19.13,99.0,0.7124,40500000,3.42,5560,5755,96.0,321100,3842,43.0,2018,71174627.8499466,699.23,537.296574864911,33.4665446942,613.232853353543,48.3429898311,165004.0,609646.0,90.0
84.58,129.0,28.9,14.95,99.6,0.66,51076300,5.48,4312,5929,91.0,321200,5789,43.0,2018,49401794.8695403,930.02,510.744202281627,26.2758680256,606.210793007347,45.5448851128,151232.0,130832.0,82.7
72.3,94.26,25.01,15.5,100.0,0.6,27507200,10.94,5500,8642,66.2,321300,8525,44.0,2018,25393389.6896149,1445.21,532.730245881075,11.1575302266,406.343306033762,51.1130448427,117461.0,62674.0,87.9
386.12,615.22,13.59,13.8,100.0,0.774,135091508,2.26,23615,11629,87.03,330100,16847,40.63,2018,62559873.900743,1515.86,635.467507763973,14.2857142857,402.96562360304,30.395144877,1182090.0,183700.0,95.79
197.97,344.02,10.35,12.21,100.0,0.729,107454632,2.85,15086,17865,95.0,330200,9546,42.0,2018,89815474.7561416,1566.39,694.525924890133,28.410986677,673.872186909466,28.7438325169,782647.0,803576.0,82.99
154.14,260.62,15.36,12.89,100.0,0.7,60061616,2.36,4022,1585,98.49,330300,11598,38.69,2018,41609384.7044104,834.15,831.779653268923,16.0956486377,629.893864456623,24.3805256352,182536.0,121273.0,95.18
44.88,128.8,22.78,16.06,100.0,0.66,48719836,2.36,19104,7540,99.17,330400,4921,38.29,2018,36166443.6423549,784.41,522.227937736914,38.9701914708,871.11423255814,39.0474434885,238688.0,-14883.0,94.44
55.52,124.07,28.25,17.73,100.0,0.635,27190675,4.7,8280,14289,99.64,330500,5816,46.36,2018,21560313.5052565,610.87,568.042800269148,22.8397391901,381.54384186518,37.3573053359,157795.0,-235018.0,96.91
100.81,233.38,21.33,15.28,100.0,0.666,54168952,3.62,24758,5597,93.39,330600,8275,42.94,2018,18561574.3389607,894.88,650.040576181783,18.8378215191,484.759556682634,32.0017445109,315725.0,25788.0,95.6
57.91,105.97,25.77,12.01,100.0,0.677,41002319,3.31,6795,13135,97.73,330700,10946,40.42,2018,47261128.5847041,1017.5,667.912467933765,16.7475274725,381.335204710393,29.3035465653,211407.0,45961.0,95.77
29.89,74.38,35.49,15.21,100.0,0.58,14705816,5.5,9420,16716,99.0,330800,8844,43.0,2018,27601050.8910982,425.94,706.353347603341,5.85286473048,188.19906581741,27.3315980107,110800.0,-17684.0,95.68
51.41,64.84,21.94,16.8,100.0,0.681,13166986,10.83,1349,1279,96.93,330900,1324,41.87,2018,14444350.9539238,196.84,754.477960526315,32.7194821208,696.673456397199,26.2892488348,67847.0,16392.0,81.105
100.91,141.69,27.19,14.89,100.0,0.63,48746696,5.42,5114,8151,95.0,331000,9663,44.01,2018,37033838.7966019,876.92,795.040150877196,17.1279036145,497.325469039375,25.865742629,169642.0,690121.0,95.75
21.9,39.4,17.53,11.35,100.0,0.615,13946650,6.75,2603,7219,98.75,331100,17275,44.46,2018,7300321.60198245,264.19,797.691214237833,3.04002780513,96.3273006134969,23.3486222648,93193.0,2443.0,92.42
227.84,466.0,18.8,13.34,100.0,0.7497,78229061,3.55,4208,10550,80.71,340100,11425,43.37,2018,82022771.2077684,1384.37,492.692821579196,14.3804253094,493.23412116965,46.1541948097,919741.0,60378.0,94.67
115.2,179.0,23.78,12.92,100.0,0.6554,32785317,4.06,3765,26815,73.67,340200,6002,42.18,2018,38026693.9333903,539.91,513.764227553419,16.924804525,449.710622710623,43.708964793,598199.0,113089.0,93.43
80.97,149.0,22.15,13.56,100.0,0.5722,17146560,12.12,1682,2202,97.04,340300,5953,41.78,2018,11553257.833079,955.4,489.862316723476,9.51082033216,395.312673674036,52.2341928472,106434.0,88746.0,95.01
105.37,104.49,16.81,13.14,100.0,0.6411,11333064,10.8,5622,10000,85.43,340400,5531,45.35,2018,80250169.9796656,810.89,442.75582000969,11.0720476706,455.454426401257,51.9496021645,41055.0,-651150.0,95.09
59.0,99.7,20.45,15.02,100.0,0.6825,19181000,4.53,9039,57485,94.66,340500,4065,44.19,2018,55069327.6732605,425.21,490.710433037954,17.8755555556,413.970345075485,45.8739429468,116137.0,130628.0,94.59
63.35,88.56,18.36,17.43,99.76,0.6511,9851902,6.63,1484,7289,94.55,340600,2742,45.82,2018,28269278.8820944,613.47,460.629202623402,16.9421186749,558.000780031201,56.7419857954,10531.0,205394.0,94.39
43.44,81.32,13.58,17.78,100.0,0.5599,12223596,4.09,3126,21106,85.44,340700,3000,44.95,2018,35903013.7914653,231.49,552.161898263027,8.75644891122,400.548363278366,42.7644409918,60856.0,1615818.0,94.51
57.64,101.6,22.07,16.28,100.0,0.4922,19175850,10.43,2800,7218,94.61,340800,13508,41.04,2018,33877328.0542981,542.83,584.567707807293,3.68348148148,253.499126351425,35.4614383243,105295.0,386517.0,92.65
28.63,70.35,25.51,15.22,100.0,0.5146,6779143,8.39,726,2348,97.9,341000,9678,47.15,2018,4215994.16020499,148.72,700.605913076507,1.32352029749,108.164160785517,25.0316882722,58540.0,200.0,96.2
38.88,89.79,42.57,15.22,99.43,0.5342,18017496,12.25,2323,6525,92.21,341100,13518,41.35,2018,17520920.6078224,1520.92,511.45259714373,8.0219853431,218.917122333012,47.7149552319,109182.0,4454.0,96.49
84.5,140.0,24.15,19.7,100.0,0.4329,17595199,17.66,2211,6638,87.33,341200,10118,40.03,2018,26404184.3273361,1768.38,480.315281777671,12.7943241372,563.877459686013,55.3746021685,50120.0,32904.0,96.3
51.43,86.9,31.96,13.7,100.0,0.4274,16302217,15.56,2268,5398,91.69,341300,9941,39.7,2018,18470595.4361576,1738.08,486.588979287644,7.55552199738,400.52633462144,55.8870114667,45939.0,24456.0,96.31
44.35,78.6,26.46,14.94,100.0,0.4608,12880538,15.27,706,3182,98.3,341500,15453,42.43,2018,18943665.1138743,923.76,514.875964469038,4.43723252496,226.109089194795,40.3283907652,107316.0,-27055.0,93.96
33.0,71.0,37.13,15.84,99.09,0.4101,12771945,16.47,1333,2033,98.0,341600,8524,37.1,2018,8833743.57710695,1425.74,465.844685903434,10.2681295471,420.894644056414,56.459080691,52169.0,6867.0,95.98
27.62,38.85,25.57,17.57,100.0,0.541,6849253,10.94,528,13475,94.91,341700,8368,43.5,2018,16676129.7766243,227.33,618.357094141537,2.59914255091,129.471347718429,32.1795471898,25808.0,-229829.0,95.24
26.62,61.0,34.1,15.42,100.0,0.5521,13172047,10.28,1564,10832,94.6,341800,12313,41.6,2018,16155946.3981912,407.58,640.276086068714,4.38410972245,157.704618882374,33.683892842,139447.0,14779.0,94.82
230.4,292.85,13.44,15.14,100.0,0.7033,78568123,6.3,4710,55301,96.53,350100,11697,44.93,2018,60254414.9990089,854.96,873.639103169831,16.8913309911,493.379036598493,23.5177108544,290765.0,274856.0,91.81
206.57,389.48,25.86,14.85,100.0,0.891,47914131,0.51,23546,639,87.41,350200,1580,45.12,2018,11770322.7907409,379.6,964.86337115073,45.087918321,1820.92401215805,26.0627806654,285559.0,-122352.0,94.35
62.8,98.48,18.06,15.02,99.3,0.6101,22424134,5.18,2911,965,84.57,350300,3910,44.93,2018,16196686.4329629,386.61,999.535050451406,20.1616236162,580.083536090835,23.6622945023,32205.0,147002.0,93.5
22.08,39.58,15.14,14.8,99.63,0.6023,23537162,11.64,4625,23045,93.74,350400,22964,44.26,2018,28400550.4609308,238.68,716.047284128134,2.13441937451,87.0459166610929,23.0742247042,34507.0,-35912.0,90.11
103.4,226.0,26.65,14.6,100.0,0.666,84679768,2.38,9566,25730,96.53,350500,11194,43.2,2018,25206887.5136759,1038.6,954.377608462364,20.2894367433,594.849329421626,24.1210317699,146891.0,331545.0,91.66
44.6,67.46,26.2,15.83,99.64,0.59,39476347,11.11,93814,8486,96.6,350600,12621,45.45,2018,38093139.3677763,655.97,1086.9687115936,13.7496871089,308.461691542289,25.4207339604,49913.0,-81419.0,93.04
30.28,49.46,12.82,14.49,99.29,0.567,17925130,16.24,3022,6837,99.69,350700,26288,42.34,2018,17576601.4546952,235.77,695.971003156625,2.16431424767,79.3722026253397,23.2132293017,36957.0,-24777.0,90.6
45.53,71.03,19.5,14.7,99.72,0.57,23932951,10.2,3524,25664,97.59,350800,19026,44.08,2018,31033982.9802642,272.32,989.177874099342,3.31237183869,108.000974500569,23.7945516823,89809.0,76488.0,92.3
20.56,39.0,19.66,15.02,100.0,0.567,19427951,15.18,1204,7972,57.54,350900,13049,40.23,2018,19415917.6693766,201.81,877.843845779615,5.60643967432,167.016195524146,22.5718394777,68029.0,306522.0,89.75
249.7,338.5,13.13,13.01,100.0,0.7423,52746716,3.62,3740,19229,91.35,360100,7189,44.8,2018,23506032.8072563,778.71,495.289293978505,12.231324632,548.168737600501,33.725656958,273821.0,365094.0,99.82
40.88,86.86,25.76,16.74,100.0,0.6694,8465982,6.67,2719,3599,89.18,360200,5261,51.61,2018,5905265.14155954,215.59,595.763127435922,3.83260331365,234.253409090909,28.5021707686,26667.0,3757.0,94.99
42.82,51.39,25.64,16.36,100.0,0.6907,10090505,5.88,666,16081,96.77,360300,3832,46.82,2018,27173347.0928044,183.61,647.307566741718,4.37722513089,379.701963117192,31.4136069944,65288.0,59455.0,94.27
73.71,150.75,21.75,14.58,100.0,0.5527,27001852,7.01,9045,27019,51.3,360400,19083,47.83,2018,34531784.5012925,697.39,599.265206540291,3.4069785718,191.741875,31.9738850841,116150.0,236480.0,89.94
47.6,80.0,24.32,19.28,100.0,0.7003,10273443,5.4,2275,34634,84.75,360500,3159,51.0,2018,24155739.2546687,237.05,604.269109735051,5.06147540984,283.010301868711,35.5966662228,24593.0,127222.0,96.33
29.7,49.54,18.25,15.11,100.0,0.6068,8189787,6.88,1141,1739,84.23,360600,3558,38.92,2018,9840265.16008257,329.01,609.962497819644,4.55869872702,249.082818820524,30.6084590547,58214.0,1579022.0,79.1
139.55,180.25,17.4,13.05,100.0,0.5029,28072372,12.12,5327,23544,86.41,360700,39364,49.84,2018,14460247.7577155,1104.33,830.217708211016,2.33456143917,170.251919611377,26.7844804283,222623.0,-92907.0,88.37
41.46,58.7,21.89,17.09,100.0,0.5095,17422292,11.94,3237,9051,98.26,360800,25284,45.81,2018,14026267.4200696,826.5,668.801060018474,1.54948967482,150.870076123731,30.9500353462,115177.0,435965.0,83.5
53.9,88.1,24.93,15.34,100.0,0.4968,21808544,12.34,3517,43129,99.6,360900,18669,44.96,2018,40319068.6445469,831.01,615.059940800851,3.3448386751,227.200573297267,32.7809269445,217359.0,21998.0,93.47
77.03,97.18,22.68,16.61,100.0,0.4981,13824038,14.42,1875,6794,100.0,361000,18801,46.76,2018,13524265.207562,594.96,664.761809926566,1.80426459641,164.42004048583,28.4041532757,102978.0,54971.0,95.07
69.86,81.13,22.51,15.72,100.0,0.5197,22174758,11.41,6014,24937,11.8,361100,22744,48.13,2018,18062005.5725909,922.84,621.461330694537,2.36448351648,225.62496277423,29.3200724468,92638.0,411802.0,87.95
345.97,485.54,23.33,12.02,100.0,0.721,78565600,3.47,5693,21178,89.7,370100,10243,40.49,2018,101361151.280783,2457.98,383.555366905601,17.8497404251,568.234671877105,53.3105719918,210425.0,211324.0,96.59
406.0,715.07,19.24,16.75,100.0,0.7367,120015200,3.22,5536,4822,92.6,370200,11043,39.2,2018,44928030.5393003,3022.26,514.725892776147,22.474298441,562.636960778122,39.6840063135,451472.0,500598.0,97.27
172.19,284.08,28.56,19.75,100.0,0.7149,50683500,2.88,15220,27312,69.93,370300,5967,45.22,2018,78723970.0081187,1352.5,429.208134128331,18.2579836148,542.729164258467,51.1244837485,110275.0,1086942.0,97.51
97.07,155.38,27.16,14.67,100.0,0.5888,24023800,6.53,6660,7653,100.0,370400,4552,41.52,2018,54009102.4788089,1221.99,440.640220727965,18.6564618412,600.1655577905,56.483007482,28093.0,420981.0,97.0
73.58,152.85,30.87,28.6,99.53,0.6904,41524700,3.53,7732,3285,89.21,370500,7147,41.96,2018,23024303.1005641,1426.82,330.911555058335,17.2770150013,201.317182721712,47.7480488509,47462.0,1096139.0,97.3
154.3,336.13,28.54,15.92,100.0,0.6507,78325800,6.51,7509,12125,68.9,370600,13749,39.88,2018,63335205.6846325,2596.19,536.035620753696,13.6874602164,360.183603757472,34.0594470927,289873.0,480517.0,97.22
129.06,179.85,28.54,18.43,100.0,0.618,61567800,8.31,21808,29101,96.25,370700,15884,41.91,2018,131018507.247533,3717.15,446.552409048308,17.5858648868,411.609160903041,47.388116535,201010.0,641352.0,97.22
143.15,239.93,34.1,18.05,100.0,0.5885,49305800,9.96,12889,10468,95.2,370800,11195,41.49,2018,92812830.4871051,2307.49,398.368571599544,15.7510484519,526.405122382034,56.4454775533,74910.0,1021457.0,96.75
83.87,158.35,29.61,23.14,100.0,0.6187,36515300,7.82,6431,7348,89.11,370900,7759,45.05,2018,66065068.6119723,1639.37,407.649055446515,12.0990188484,511.997315676449,54.9210547772,32054.0,500118.0,97.03
80.89,197.94,34.5,26.23,100.0,0.6781,36414800,7.72,1947,3717,95.0,371000,5626,45.77,2018,18658047.0712229,1201.76,602.321545734139,15.4857716773,356.807949479941,27.9845684009,127487.0,215558.0,97.27
74.82,110.7,21.4,19.44,100.0,0.6035,22021700,7.56,8306,26995,88.82,371100,5332,43.13,2018,69348889.4297319,978.64,499.118329015546,14.3843462247,382.936891927426,44.7274745319,73908.0,239242.0,97.19
184.71,238.78,21.63,20.93,100.0,0.5154,47178000,7.84,8093,51444,95.15,371300,17199,42.05,2018,92075807.0924831,3571.75,456.599426768818,14.1479951114,425.053289742542,50.7996298921,43679.0,386620.0,96.55
80.82,160.06,27.29,20.8,100.0,0.5701,33803000,9.47,8507,13981,92.5,371400,10356,42.5,2018,33814585.4233747,2526.99,324.604353794274,11.4854415735,382.478379275988,55.6432916575,137460.0,460089.0,97.28
79.99,110.94,26.62,13.45,99.95,0.5177,31521500,9.86,5424,6368,58.5,371500,8620,42.14,2018,79085840.6395098,2143.66,323.801151183971,14.3356116775,480.640291806958,60.3510107952,14272.0,-1110180.0,96.98
77.05,142.4,25.72,20.11,100.0,0.5764,26405200,8.86,20944,30481,79.0,371600,9022,44.15,2018,131861050.425468,1618.63,340.97971569792,16.3093722564,294.904772710083,51.8934141317,101917.0,314908.0,97.5
91.08,163.85,25.67,12.88,99.74,0.5025,30787800,9.78,7073,8862,96.25,371700,12153,40.53,2018,30114067.4647875,2810.7,393.911147549655,12.6735584843,501.276143129661,59.507272151,19956.0,343563.0,96.81
374.05,543.92,9.77,14.26,100.0,0.7338,101433173,1.45,7766,12915,71.59,410100,7581,40.83,2018,97172023.5023227,2401.88,385.582927442681,27.6402552513,837.119981325864,61.843829095,361748.0,-8372.0,98.03
99.1,134.48,19.41,11.01,96.1,0.489,20022269,13.64,1999,808,90.02,410200,6242,38.39,2018,17556544.5991401,1333.9,380.582301811709,12.194466656,551.34661986185,62.0833504396,44454.0,879.0,96.1
206.7,227.08,12.66,10.85,100.0,0.5757,46407821,5.11,4339,8066,77.03,410300,15234,43.76,2018,60495903.4562644,1344.58,551.587198605987,7.43711313051,318.722677722911,50.3549252352,190121.0,168092.0,98.8
94.55,73.4,14.23,11.77,99.46,0.5398,21352232,7.53,2579,9333,77.85,410400,7909,40.75,2018,55822954.1080669,1392.21,485.812253855757,11.1731086047,458.370323627513,57.5149204671,51842.0,191393.0,98.41
75.48,87.0,17.1,11.83,100.0,0.518,23932238,8.15,2377,27717,66.23,410500,7346,41.61,2018,46807968.8779393,1426.89,361.677301232294,12.812890095,511.216859472786,61.8505465564,46771.0,455059.0,97.2
47.28,64.12,18.39,14.2,100.0,0.6007,8619013,6.97,3021,1292,92.15,410600,2139,41.95,2018,19413972.1815578,470.33,336.906421748714,14.5264389331,533.42996742671,60.7572174431,26432.0,-128557.0,96.05
78.78,124.76,15.09,11.7,100.0,0.5341,25265535,8.96,8251,8251,75.54,410700,8277,40.1,2018,44588555.8128546,1805.15,349.92257752687,14.2047158404,500.391381495564,61.607673377,95049.0,398056.0,93.56
80.1,113.3,17.14,14.02,100.0,0.5942,23714983,5.69,5662,3985,69.29,410800,3974,41.02,2018,39523220.6640731,1017.37,395.008463214347,17.1008134089,642.506270976859,63.336711901,42445.0,-78105.0,97.5
58.5,63.0,15.13,14.8,98.01,0.453,16544700,9.91,2942,775,96.07,410900,4269,40.59,2018,17726949.4615956,1120.22,335.489796229871,18.1878375205,617.567878887609,62.31064162,20436.0,29255.0,96.53
46.2,107.0,31.65,14.75,100.0,0.5263,28306218,5.24,2391,6357,97.67,411000,4985,41.28,2018,25988629.9004619,1049.33,446.612859167632,15.8395185557,631.303678357571,61.7661268453,64666.0,394487.0,98.02
60.44,67.67,17.05,14.95,95.0,0.5247,12366633,8.97,1661,590,99.3,411100,2695,41.13,2018,11032410.4613051,531.27,457.33348873349,13.8787091988,702.893141945774,61.4891495368,46703.0,195013.0,97.5
47.32,61.2,13.19,12.95,97.1,0.5629,15281244,7.79,1389,5441,37.1,411200,9932,39.85,2018,24778588.9525875,419.37,567.348604543347,4.2726998188,166.09262557891,44.7901843853,37625.0,-1270834.0,97.0
124.41,159.8,13.5,10.61,97.1,0.4623,35667734,14.69,2922,8687,79.31,411300,26512,37.56,2018,69789071.5973138,2328.74,530.122803654798,3.9004257243,290.545296687197,51.3775325256,99620.0,521664.0,97.7
96.38,69.0,12.27,10.28,98.0,0.433,23890346,15.98,4011,5157,94.65,411400,10699,43.46,2018,33451168.4923637,2283.57,438.449027350327,9.56038105912,507.091059493085,59.1972609811,70024.0,113008.0,94.03
57.82,100.35,15.32,14.14,96.09,0.4755,23877965,18.69,731,6994,56.96,411500,18916,43.8,2018,36320407.9534014,1783.46,505.205939166087,2.6307724823,243.487249509596,48.9087958624,22911.0,465970.0,93.4
38.46,75.03,20.98,13.31,96.01,0.4282,26872100,16.71,1387,1739,99.0,411600,11959,38.57,2018,18785180.6655,2199.1,450.710892594923,8.94297403356,554.369096662487,59.309633989,38983.0,14913.0,92.99
46.88,90.0,23.46,14.21,98.32,0.441,23703300,17.41,2016,2125,84.07,411700,15082,44.98,2018,23117258.1542425,1991.26,482.204508889898,6.45957051962,358.358653018272,57.146559308,61273.0,91925.0,98.36
604.0,723.74,13.16,9.65,100.0,0.8029,148472900,2.44,12679,111728,97.34,420100,8578,39.46,2018,92620217.3797789,1245.19,459.279211896568,23.1147216399,873.411663512816,45.3466657014,1344072.0,526125.0,96.5
85.15,82.4,21.74,12.5,100.0,0.6329,15873300,6.03,3477,29959,73.86,420200,4575,38.55,2018,92859471.7430721,344.45,547.223963238647,8.62839614373,412.842345276873,38.8459604852,47287.0,629320.0,92.88
59.06,113.39,23.27,14.96,100.0,0.5591,17478200,9.05,707,2656,80.7,420300,23687,40.13,2018,7508888.60735934,288.89,635.299599018112,1.22697548833,106.056587631386,35.2360996366,46469.0,11759.0,96.0
80.22,176.78,27.19,14.98,100.0,0.6086,40641800,9.51,6079,12840,36.72,420500,21214,41.28,2018,48825380.9312993,397.61,656.276193122812,3.11015831135,146.100212033786,35.9693127336,141661.0,121142.0,96.3
113.28,199.0,17.47,14.35,100.0,0.608,43097900,9.62,4071,5421,48.09,420600,19724,38.74,2018,44969557.0089332,1130.82,556.866496869532,2.94500253678,210.267957227139,45.6430782881,302249.0,303068.0,93.0
43.79,64.55,11.55,15.27,100.0,0.6591,10053000,9.37,1677,13016,83.35,420700,1585,43.22,2018,28072800.1752394,151.89,477.868709086148,19.9577819786,502.344537815126,43.8566046218,30040.0,346873.0,93.22
47.65,63.74,21.01,13.8,100.0,0.5921,18478900,12.24,1964,8898,34.67,420800,12342,43.35,2018,20033346.2601531,375.73,494.625100767633,2.42005507857,177.488002381661,47.6486657608,71851.0,129963.0,95.12
55.31,55.4,25.74,9.31,100.0,0.5757,19129000,15.01,3918,4087,66.17,420900,8913,37.95,2018,24192692.3976267,484.89,467.15461533062,6.26549865229,412.416123442528,46.1933126232,105927.0,-161455.0,96.03
82.92,89.44,12.39,10.6,99.94,0.5581,20821800,19.44,4512,13880,28.27,421000,14084,36.36,2018,27887199.8621092,640.68,438.293599919116,3.80572321238,313.254807945624,46.4769214111,98410.0,463597.0,95.15
36.62,71.59,30.55,14.68,100.0,0.537,13624200,13.72,1666,6049,85.65,421200,9758,41.27,2018,20215623.5385774,265.63,585.432755337274,3.5513136289,196.754661959942,35.2640132988,52106.0,75779.0,88.78
47.69,76.78,13.64,10.87,98.96,0.5212,10111900,14.25,325,641,89.13,421300,9610,39.81,2018,7572091.71593504,250.85,544.325529806617,1.92700197855,170.404234329944,46.0150955347,15081.0,20.0,96.12
374.43,365.32,13.17,11.38,99.68,0.7912,110034116,2.9,3475,5479,82.03,430100,11817,41.49,2018,21992259.4382515,778.75,595.067873315152,12.0691813261,469.237225107392,36.5962615165,361871.0,127125.0,96.61
115.26,145.82,21.14,14.28,99.99,0.6715,26315423,7.05,1978,10684,92.2,430200,11247,42.67,2018,24998018.2365343,389.11,673.478524348525,3.86101514749,273.118950793005,32.4898698173,176280.0,51298.0,93.89
78.84,80.04,28.64,10.86,100.0,0.629,21613580,5.79,2568,36683,93.79,430300,5006,45.81,2018,33776613.9667305,227.81,622.171309350699,8.2257034524,430.351175132676,38.3997600102,116084.0,153915.0,96.14
95.45,130.6,12.08,13.11,99.51,0.5361,30460279,11.06,3114,11664,72.65,430400,15297,41.25,2018,15060348.0001048,640.05,618.846194528876,3.22752808989,370.371887188719,37.3667466713,44286.0,48758.0,80.45
64.0,78.0,19.74,13.34,96.64,0.4749,17826481,16.59,1176,4440,83.8,430500,20819,41.82,2018,16961715.0252577,334.38,666.583910781324,1.91018309385,269.236893275122,32.3090794876,33806.0,-53439.0,80.76
86.5,110.0,22.29,9.76,99.98,0.58,34110068,9.38,6515,8016,74.22,430600,14856,42.07,2018,26320961.0659476,455.2,560.638220746181,4.00242065627,286.798697035503,37.8110456506,83226.0,356340.0,85.04
74.44,104.91,14.52,13.23,100.0,0.5315,33942030,10.25,3637,5976,98.93,430700,18177,44.39,2018,28316858.5654967,431.28,553.946007394044,3.33806458712,243.755487053021,39.9396599987,82578.0,539227.0,96.86
19.31,33.38,20.68,9.64,100.0,0.492,5789155,10.15,64,1540,99.8,430800,9537,40.53,2018,3095894.1442167,93.85,700.766598334404,1.60607015333,120.617404292115,30.993011909,8286.0,33029.0,94.52
56.93,82.2,15.1,9.81,100.0,0.5018,17583780,13.98,2578,3854,91.0,430900,12321,40.03,2018,13721936.137159,290.05,543.796417106473,2.36664772266,274.68456129624,37.4373136271,38361.0,51985.0,95.61
65.08,78.6,12.67,9.9,98.22,0.5488,23918696,8.46,3166,9758,76.21,431000,19340,46.54,2018,24806857.4940431,452.94,782.220666273108,2.23603995239,189.425919300338,28.5901202856,78222.0,596688.0,81.28
48.62,66.72,20.62,11.52,100.0,0.4969,18056499,16.38,363,5343,78.72,431100,22262,38.32,2018,5457438.08353545,519.26,702.421146455145,1.87188915295,186.22016070628,32.6899105853,52193.0,-5650.0,95.89
37.14,64.0,12.88,8.52,100.0,0.4775,15132689,12.49,1433,4212,99.3,431200,27577,39.26,2018,9589111.79431635,276.93,665.647112239971,1.3831432929,135.412818537069,30.7435562891,55654.0,89860.0,92.36
45.8,51.3,44.89,9.62,100.0,0.4811,15404137,9.86,2174,34366,89.98,431300,8108,41.02,2018,33169529.3118937,275.67,623.527603643941,3.84385791811,368.790956749672,34.3608076984,25612.0,99355.0,95.62
665.61,1300.01,14.25,22.95,100.0,0.8638,228593471,0.98,14020,8118,81.1,440100,7215,45.13,2018,67773803.9493118,1454.86,852.57875980418,35.2474004051,1470.48652861278,31.8727887189,1636655.0,481600.0,95.53
63.43,105.08,12.94,13.87,100.0,0.5649,13439110,11.61,7313,19169,63.56,440200,18412,46.64,2018,34934056.4335796,388.73,934.653074719352,3.0288430201,124.492068204954,28.0441883009,45974.0,204681.0,91.72
1302.66,927.96,9.1,15.35,100.0,0.9975,242219771,0.09,7759,470,54.31,440300,1943,44.98,2018,21729412.5995886,838.3,839.806746987951,55.2859148339,4397.91625615764,27.5178944872,5549817.0,-43558.0,97.265
84.08,141.31,13.06,19.9,100.0,0.9008,29147350,1.72,4297,4506,91.57,440400,1579,49.7,2018,30001425.2009047,310.66,652.202576950608,38.7927328557,963.962287104623,27.4141889716,455217.0,-103560.0,95.3220000000001
244.16,281.65,9.76,15.16,98.0,0.7041,25120504,4.4,6631,2181,95.88,440500,2177,44.27,2018,25001904.663388,499.71,870.708060777749,40.4272959184,2136.39731800766,27.0111303189,39795.0,322402.0,96.44
135.75,160.78,16.83,17.25,100.0,0.9498,99358845,1.45,15671,17144,82.87,440600,3796,44.25,2018,35505105.9294577,1349.68,568.585381355933,43.7141728135,1551.06969003537,33.7401567358,546769.0,438853.0,95.33
96.82,158.42,19.55,17.88,100.0,0.665,29004073,6.95,9913,8682,91.92,440700,9366,44.91,2018,28361646.3562229,648.64,865.302610907452,15.03967845,395.284832904884,28.6364070706,132816.0,260270.0,94.65
91.78,111.19,14.57,16.97,100.0,0.4301,30083928,17.74,4985,9569,96.89,440800,12338,43.73,2018,41074879.4224374,665.91,730.631725111164,8.63486768957,462.241925147398,25.7403362604,29871.0,-131547.0,85.6
82.59,119.26,7.68,17.5,100.0,0.43,30921768,16.02,2384,3241,97.27,440900,11342,42.71,2018,16856319.6142417,333.22,916.099563102791,7.79110217638,423.389575910012,27.1451783193,33321.0,-1912.0,89.46
64.09,124.04,19.57,19.98,99.87,0.4776,22018012,15.8,6067,25883,96.23,441200,14899,33.71,2018,19539358.0120357,394.0,1100.61771268879,6.13916661075,213.785470040507,31.2386601727,69917.0,-6451.0,92.88
117.48,278.42,12.99,16.78,100.0,0.7076,41030532,4.29,6463,13810,84.91,441300,11319,43.4,2018,20590305.8948085,594.64,1047.07198141107,16.4517532411,331.993641254979,27.5659329025,221734.0,110467.0,96.6
43.95,63.51,17.97,17.03,100.0,0.4759,11102133,17.67,3686,15845,99.0,441400,15865,42.96,2018,18015517.7140994,327.08,1132.94980659885,3.90989911728,217.41467265282,26.2835504453,82364.0,218396.0,100.0
28.66,33.07,16.62,15.09,98.64,0.5515,9203183,14.56,426,1110,94.0,441500,4817,36.0,2018,18504319.8813565,226.82,1003.86003195776,15.1447023587,496.025477707006,25.2324256364,59644.0,95876.0,92.58
25.75,40.32,18.73,13.4,100.0,0.4525,10060027,10.71,650,3600,80.99,441600,15655,42.34,2018,9152811.04814569,208.17,1165.51267395032,3.11082704845,153.134182419897,26.6154515606,75356.0,116529.0,85.2428571428572
22.0,33.0,12.99,11.4,100.0,0.5261,13503149,16.24,892,10164,95.49,441700,7815,41.8,2018,14360690.7135521,229.7,976.131260288275,6.90428429916,254.434149302043,26.7392279596,27673.0,6623.0,95.24
47.11,80.41,21.61,14.13,100.0,0.52,15651949,14.78,4557,33225,87.48,441800,19042,40.72,2018,35041894.8700679,417.41,953.242168265419,5.16986186249,158.229103312238,29.6813926054,57419.0,-5556.0,91.35
231.58,1007.76,18.0,24.06,100.0,0.9102,82785920,0.3,19341,20110,66.32,441900,2450,53.59,2018,37714547.5236755,1195.62,568.575130890053,57.6832653061,2794.14757853403,32.454602104,393445.0,139990.0,94.5
53.86,166.5,25.9,5.5,100.0,0.8835,36327013,1.7,7044,5609,85.67,442000,1744,38.2,2018,18489498.4294585,611.72,502.48326297492,50.071783545,1521.02812939522,29.6034880164,410488.0,-27142.0,96.57
76.91,88.93,10.04,12.74,84.66,0.653,10672790,7.14,764,679,98.65,445100,3113,41.17,2018,12979736.8529499,282.25,1124.61367412878,16.7216083487,703.266904822659,26.6212508546,13359.0,212570.0,88.3116666666666
81.48,139.0,17.35,12.6,98.97,0.5118,21524681,7.64,1789,2879,43.47,445200,5258,41.17,2018,14396182.3044469,505.68,1009.77285551152,20.157159048,913.758857826282,27.2679485486,37969.0,-1372.0,85.54
27.41,30.13,9.64,16.38,100.0,0.4224,8491284,18.23,1307,10021,95.56,445300,7783,42.02,2018,51585615.491367,218.09,1052.25890789631,5.4838254172,249.987204224637,29.3156381881,31104.0,217499.0,76.56
232.42,316.56,13.87,11.63,98.86,0.4861,40269053,10.46,5178,10274,99.1,450100,22100,42.36,2018,59306992.5945657,652.11,846.762611313706,5.72795182905,246.091051749349,32.018960598,78509.0,52797.0,82.95
128.45,232.28,16.23,14.08,99.89,0.6474,30536457,6.39,4365,62041,93.66,450200,18603,43.97,2018,32520114.6366288,376.82,781.78999785078,3.31186841539,162.916576018743,31.1817391947,38768.0,396710.0,72.84
87.0,109.46,18.83,13.18,100.0,0.5,20036055,19.64,1429,5267,92.83,450300,27661,41.21,2018,12427772.8957006,413.44,795.356145905478,2.08790771679,138.269046350559,30.3257747502,26620.0,150658.0,97.87
48.51,61.0,19.91,11.31,97.1,0.5394,10298470,13.91,2280,4055,70.36,450400,12565,43.61,2018,6592591.3303614,146.86,1147.20484315624,2.29375199235,187.12139776208,31.4692049948,21149.0,2077.0,67.19
39.07,82.38,26.25,10.97,100.0,0.586,12133010,16.58,1340,10074,96.66,450500,3399,40.56,2018,11013306.3645077,156.28,702.030181026808,9.44464847849,373.929564193169,29.9532548723,45606.0,26105.0,95.28
19.02,48.78,34.56,21.01,100.0,0.584,6968185,13.9,849,9059,93.69,450600,5985,36.21,2018,16203072.8538621,108.87,1095.20316324909,4.95464779672,116.381806108898,28.6109521133,3971.0,252521.0,50.64
32.19,90.51,37.88,12.56,99.26,0.4,12919647,18.99,2231,2432,97.57,450700,10682,39.09,2018,20339970.4700722,171.0,856.726876463699,3.56871345029,237.519931450712,30.8162014159,12985.0,-159260.333333313,85.0
41.09,82.53,31.26,16.96,100.0,0.5009,11698754,16.94,1560,16119,99.0,450800,10607,41.32,2018,85443670.6682692,291.66,886.8305804765,4.11280602637,317.535157988429,33.6880635869,5496.0,127608.0,76.35
57.97,75.0,16.31,14.08,100.0,0.4929,16154571,17.11,2263,7470,29.02,450900,12823,39.41,2018,5259649.73014244,297.05,951.6318687963,4.23111076492,350.459850865841,30.2540357546,18421.0,4340.0,98.07
21.14,53.14,25.56,12.85,100.0,0.3706,11767732,16.59,2315,7219,17.32,451000,36197,30.17,2018,23988049.3017546,180.71,1002.34951800692,1.46871206269,77.8990397093174,27.4872384165,24424.0,247234.0,90.16
18.63,46.85,30.46,18.9,100.0,0.462,6026288,19.85,1084,2967,88.3,451100,11753,34.68,2018,16867418.398555,156.09,1005.38945981211,1.84200221333,135.676277762911,30.3981105566,12010.0,1468.0,89.71
34.54,42.53,23.27,10.78,100.0,0.3818,7882999,20.41,2727,6447,46.39,451200,33480,33.63,2018,5899994.38058807,161.77,922.897684290384,0.746832416926,81.4712328767123,28.3870918878,11294.0,1462130.0,88.41
30.87,50.66,24.46,9.64,100.0,0.4455,6924112,23.81,4370,3767,78.78,451300,13387,34.0,2018,16931120.4239357,226.01,830.105178811269,1.81475385306,128.359688652192,32.612178855,2344.0,585669.0,86.14
17.6,35.0,18.61,18.27,97.66,0.3924,10164916,18.62,2264,10267,61.1,451400,17331,38.74,2018,9693101.94917021,128.78,975.431710801388,1.5228622499,94.9392762496573,29.1768514542,9632.0,-4628.0,62.25
33.54,51.63,13.59,13.82,100.0,0.7593,5955057,11.46,28,1763,100.0,460200,1901,43.79,2018,1860036.2831683,57.87,1030.0469324147,16.8796108634,295.526406182911,18.3655608475,31157.0,0.0,77.35
1150.52,1496.72,13.52,17.14,100.0,0.655,203631900,6.77,20780,84075,60.98,500000,82370,40.35,2018,163651519.365294,1849.69,624.946078800411,4.23743704872,269.429871954184,34.8517936461,685887.0,2420044.0,93.5
721.62,931.58,14.2,13.33,99.0,0.7312,153427716,3.41,7911,8541,73.17,510100,14334,41.33,2018,39870799.549069,1694.35,637.93559374311,18.3273107778,807.378249009213,41.6930678558,730705.0,110610.0,91.8357142857142
104.3,124.0,14.84,13.0,96.8,0.5261,14067131,10.77,867,1321,97.56,510300,4382,42.5,2018,3424004.32172321,112.52,551.086767169181,5.27016498625,476.60793026833,44.5882664661,35490.0,34456.0,70.53
55.18,81.05,13.28,13.16,100.0,0.6659,11735238,3.39,4668,35016,19.58,510400,7399,40.47,2018,25330467.5889346,35.84,847.527413111163,2.83549083064,130.611559139785,24.1444729781,12494.0,52147.0,46.08
118.43,169.01,10.52,12.5,100.0,0.5046,16949712,11.24,3993,5285,97.24,510500,12234,41.27,2018,13268344.1417347,193.05,591.565400353622,2.94405365614,270.425613213361,37.3259151874,30344.0,2764.0,79.82
50.69,89.24,15.68,12.83,100.0,0.5235,22138673,10.99,3494,7185,36.2,510600,5911,41.69,2018,6946965.43873818,351.76,611.195992714028,10.510501355,469.089081885856,40.5226621292,21934.0,36822.0,89.55
100.31,158.62,18.15,11.98,100.0,0.5253,23038214,13.08,1428,12185,97.81,510700,20258,40.02,2018,25382270.9481082,414.63,700.663306138305,3.01075799447,172.542980561555,35.0100633735,255424.0,159773.0,94.66
36.17,64.25,14.06,12.77,100.0,0.4563,8018500,14.73,511,3806,99.6,510800,16318,39.3,2018,5176483.16265802,202.98,714.572209934395,1.44767156863,115.689456526593,33.0949745666,8832.0,1119.0,93.81
47.66,83.94,26.9,15.61,100.0,0.5002,12213914,13.56,1060,737,87.0,510900,5323,34.13,2018,3328165.21075014,175.53,527.520356045955,6.01688238604,468.39683860233,38.6431884788,13268.0,21262.0,90.73
60.21,85.21,9.8,11.68,99.3,0.491,14117521,15.53,1127,13211,96.7,511000,5383,36.49,2018,17424680.8884494,120.36,543.772767020614,5.46556524968,527.029342560554,41.122893771,16793.0,320316.0,87.5
64.11,77.08,13.63,9.92,100.0,0.5183,16150949,10.27,4450,21215,67.2,511100,12722,40.37,2018,9516248.46195559,264.51,732.362202662399,3.38868842171,197.856814971751,36.6999667543,10085.0,96201.0,90.23
107.1,145.0,15.15,12.81,99.91,0.4814,20060333,19.04,609,34690,52.5,511300,12482,44.28,2018,4641330.47405235,288.32,524.802219940343,4.19044188281,382.255202821869,39.521580012,19568.0,4292.0,89.9649999999992
47.21,65.94,17.72,12.83,100.0,0.4632,12560214,14.85,2097,7103,94.43,511400,7138,40.5,2018,6924048.88513357,214.69,645.499172774423,5.21935304734,319.156721857753,39.5907298133,9668.0,5666.0,100.0
100.38,134.31,12.84,12.32,100.0,0.4964,20263707,12.27,5900,9990,98.62,511500,13259,39.3,2018,30334171.8289714,226.19,595.178564138251,2.85505389312,264.802724950326,41.1889640781,18981.0,-28800.0,89.67
31.15,72.43,25.44,23.86,100.0,0.4186,12502422,13.88,786,5686,63.45,511600,6341,40.12,2018,14357886.1785266,147.8,501.497145740235,4.66698247276,418.732418923631,38.8937873066,6946.0,1101733.0,95.0
82.66,100.3,12.71,10.66,91.2,0.4552,16901741,19.3,884,11810,85.0,511700,16587,25.7,2018,18267965.4217599,201.49,552.358209638996,2.0562488696,251.349211955322,36.8283530068,15413.0,256107.0,91.4
27.28,38.26,15.6,12.85,99.0,0.4685,6461049,13.28,566,3634,49.22,511800,15049,39.97,2018,2774375.93887956,103.59,780.042793617577,1.31830309498,77.3212908965108,28.4764953023,15330.0,84003.0,87.91
39.75,60.03,4.37,12.01,78.3,0.4185,6458842,15.21,113,1865,83.22,511900,12295,36.07,2018,2176659.50476371,106.61,572.818512483711,1.17381397998,201.036659152924,33.837686539,4941.0,-2.0,73.2
27.88,50.0,20.72,17.77,89.5,0.4271,10665332,15.64,262,1948,98.94,512000,5745,36.11,2018,2017464.26520709,102.1,543.586112279226,2.96540333797,351.693790426908,38.9471846548,20008.0,-3501.0,96.77
213.24,369.0,10.0,17.54,97.8,0.7543,37984538,4.03,5854,12271,47.67,520100,8043,40.11,2018,18187386.9160714,299.91,753.243063314709,11.3733051375,426.855038022814,29.5373616658,247794.0,1025579.0,97.7199999999998
31.04,54.2,18.41,12.09,93.84,0.4218,15256900,9.7,5342,26212,63.96,520200,9915,37.85,2018,47367202.8897866,66.27,819.519766294628,3.91811389338,228.747984496124,28.5051423464,61413.0,982072.0,87.22
106.0,149.8,13.0,22.36,85.28,0.5463,31694000,13.7,1217,13835,66.32,520300,30767,40.7,2018,32191219.4443016,326.49,688.775111447222,3.29347896756,156.69403755407,31.0594225163,89348.0,260974.0,89.3899999999994
41.93,69.2,20.21,22.03,85.72,0.3903,8494000,17.56,266,488,80.41,520400,9235,37.5,2018,13543632.7661128,126.3,778.566901501185,5.53260634852,198.476687834225,28.7472155849,35399.0,738574.0,92.52
395.68,441.13,8.53,11.11,99.68,0.7285,52068979,4.27,3000,38782,31.6,530100,21011,41.93,2018,35516059.5304332,358.24,930.156335925358,6.96830231783,246.328298828557,23.0426432701,180075.0,1009423.0,93.39
74.17,102.51,20.13,12.39,100.0,0.4845,20133556,17.89,1423,33075,70.19,530300,28922,36.8,2018,55815463.4056326,255.01,873.0907338555,2.14147353857,162.339445868033,24.5767038218,14754.0,544869.0,95.02
35.47,38.42,23.11,12.19,93.94,0.5188,14930383,10.01,1977,53589,58.14,530400,14942,39.52,2018,19680399.4543827,154.34,1045.87486402236,3.15852596315,126.639089481947,23.9346151718,39753.0,46905.0,93.46
33.35,36.98,18.71,10.54,99.98,0.3686,7381448,22.83,994,5589,80.74,530500,19060,37.23,2018,2984358.06684908,41.52,1105.04299331479,1.26089693155,106.061682090587,24.028763965,8522.0,7963.0,92.02
26.56,44.5,15.74,12.76,76.56,0.3455,8895404,18.28,2137,6833,61.47,530600,22443,32.5,2018,16401419.3012348,98.39,730.83441986174,1.41217360307,183.781224710008,28.3757082854,9779.0,200441.0,87.37
11.89,24.0,11.0,20.57,100.0,0.4044,3507628,15.04,195,3852,80.56,530700,20558,93.81,2018,3534840.98180139,12.25,883.10273343009,0.835319293809,48.0139224057917,18.5621303773,10720.0,3389.0,93.97
19.32,26.5,19.6,12.02,98.16,0.4344,6624768,24.7,2331,10577,32.15,530800,44266,40.49,2018,8532633.58781786,48.82,1288.94097982041,0.429856277682,46.938309378113,22.7889673684,15083.0,0.0,92.88
18.4,22.5,13.69,11.26,98.0,0.4192,6300199,27.32,1030,2008,73.27,530900,23624,41.0,2018,3868112.60297582,27.72,1183.7771024862,0.628408370323,83.6522156084656,24.8696140506,6836.0,3330.0,93.0
30.81,87.19,13.17,6.11,95.98,0.423,5407800,3.38,382,11,1.17,540100,29654,36.7,2018,2086617.78341751,0.0,163.882364725231,0.712110493515,14.5606823476366,26.1046395656,29098.0,0.0,46.69
576.56,701.67,18.07,9.98,99.8,0.7401,83498600,3.1,4163,2323,59.54,610100,10104,38.75,2018,36491925.854206,1513.88,573.737037728221,15.1632956573,618.730987992416,45.7246616527,482295.0,181027.0,94.02
39.21,48.85,13.23,11.89,95.27,0.659,3279550,7.54,428,13147,58.4,610200,3886,39.47,2018,14706151.3146366,92.13,573.28481773476,3.94021041827,157.182440959077,41.886771182,6983.0,58471.0,93.24
85.85,94.97,15.22,12.37,100.0,0.5323,22651600,7.21,2013,7586,53.52,610300,18127,41.1,2018,26816527.4840346,640.21,703.053570055338,2.74672778483,150.850611189469,37.8780687249,83817.0,101579.0,100.0
91.05,72.9,10.41,15.46,99.0,0.5127,23764530,11.99,3455,2048,36.6,610400,10318,38.51,2018,45075585.5432716,834.26,546.807007468675,8.52459810188,358.80236911975,48.1854394538,29145.0,1279364.0,100.0
52.43,68.2,11.03,14.57,98.78,0.4844,17677130,16.79,4301,9604,99.99,610500,12982,39.15,2018,60814154.0258572,1292.57,468.756726255627,6.14119639695,296.543466522678,52.472813579,29547.0,2013298.0,96.91
31.12,41.0,14.37,12.49,97.82,0.6084,15589120,8.86,1962,2233,44.14,610600,37040,40.76,2018,12113938.7966517,184.3,498.073868087488,3.85212085212,42.3378723721763,38.0101358634,22528.0,128970.0,87.91
53.04,56.37,13.01,13.03,98.84,0.4843,14718800,13.96,474,19544,58.34,610700,27092,38.43,2018,25069361.5942809,414.35,663.064410366066,1.57586958932,94.1615119363395,32.4272590549,19169.0,114530.0,92.12
32.99,78.38,26.47,15.77,95.12,0.5894,38486190,6.0,4786,26229,29.48,610800,42887,36.0,2018,97206930.26174,582.32,275.591958726704,4.35094418702,55.0993330606852,37.4102928797,61855.0,252161.0,94.04
33.02,45.0,16.35,12.95,99.28,0.4793,11337700,10.87,182,2619,52.81,610900,23532,39.98,2018,3326398.93838141,166.07,620.508214985467,0.887740343713,83.9926067401885,32.6208588933,10952.0,305516.0,90.75
25.93,26.0,8.34,12.37,96.8,0.4667,8247670,11.47,763,2552,0.34,611000,19584,34.0,2018,6173539.78908704,175.15,648.851437090773,0.657679738562,88.8646217965123,34.9964755624,10120.0,80565.0,92.42
193.01,331.22,21.51,13.89,99.39,0.8103,27329373,1.57,3781,19986,96.48,620100,12961,36.94,2018,37497238.6907547,193.14,291.616939498373,6.26805997274,196.507092384193,38.9385406143,60572.0,-876197.0,96.0
15.74,44.0,28.41,27.71,100.0,0.7047,2642405,7.23,1548,9112,13.99,620300,7566,37.62,2018,12280544.4861721,16.03,200.805559968228,1.39097941524,42.8852590350721,32.4393471935,2681.0,462922.0,95.56
38.01,67.25,15.55,9.49,100.0,0.5062,5115968,13.54,441,10511,73.8,620400,20095,36.39,2018,43104318.2130784,61.32,232.044561979917,0.99910456671,60.9957398563919,38.5069423216,6239.0,77149.0,92.9
64.62,56.0,9.37,9.95,100.0,0.4165,6520542,13.97,328,2038,58.61,620500,14277,38.95,2018,7791194.55974093,180.44,606.137391542992,1.66699389945,167.072681456594,33.604864838,11027.0,17871.0,93.34
33.89,33.89,16.0,8.46,99.51,0.4231,4692653,25.69,244,27775,73.6,620600,32584,31.0,2018,6661676.39164606,20.84,288.750684905445,0.578312137301,39.1399590933756,33.9690200395,7213.0,960.0,98.59
26.06,44.6,13.24,20.66,100.0,0.4755,4077067,21.86,442,2496,80.02,620700,38582,38.91,2018,8699438.07252774,28.11,223.629490967735,0.441397416236,21.963963635036,28.3739392511,7319.0,99818.0,96.67
25.9,42.0,23.39,12.89,100.0,0.4113,3951651,22.24,844,7443,92.14,620800,11120,39.44,2018,22735205.6119263,121.09,569.011280900091,1.72839173405,136.791395539832,36.6606374195,3785.0,498857.0,96.0
26.23,53.5,12.28,11.75,100.0,0.6152,5968871,12.37,360,4398,28.15,620900,167655,37.22,2018,16844806.3729388,24.16,158.806728883479,0.215566541239,4.45399015472268,32.4669752315,9924.0,15856.0,97.43
19.83,30.0,16.86,11.8,98.7,0.384,7081499,10.03,177,1708,90.3,621000,27124,31.9,2018,3008416.45100141,95.89,454.345372972495,3.36536049,58.4062172456988,36.8220191174,10365.0,285.0,94.59
19.03,25.22,13.63,16.85,98.89,0.3591,3562609,18.41,144,2468,99.42,621100,19612,26.4,2018,3978290.16707727,43.95,454.63450053706,1.17231004589,100.271018332856,35.4904702695,9637.0,1344.0,94.34
14.84,13.8,11.28,6.15,90.21,0.3358,3792273,18.73,333,2959,4.3,621200,27845,23.0,2018,2587121.92545465,163.79,696.051055512961,0.660048026952,68.2231032895073,30.4665590351,9889.0,-39349.0,80.2900000000009
125.69,96.0,12.3,12.22,95.1,0.7211,12864137,3.58,1642,33699,93.21,630100,7564,40.5,2018,22106970.2154187,15.6,370.115818694065,5.84171714511,207.144082332762,29.9433242636,23608.0,143137.0,76.8
105.4,183.77,15.31,16.62,100.0,0.7757,19014824,3.54,4579,9065,23.13,640100,6946,42.02,2018,84163385.5367526,426.33,201.657461762886,15.0135095874,198.073338500291,39.0668861467,98630.0,-52232.0,95.5
35.91,102.8,36.7,27.52,98.8,0.7035,6059184,5.19,1320,87165,27.97,640200,4084,40.76,2018,22883295.4307832,556.03,166.932712051808,6.35842118166,123.625573018992,39.0629689418,18680.0,786055.0,97.62
18.75,55.13,28.39,23.96,98.0,0.5018,5345336,12.45,1456,9699,61.7,640300,16747,41.04,2018,30114336.6027442,124.01,204.659869902878,2.73445588148,55.2864807306385,37.701535764,24809.0,-7769.0,91.3
17.65,44.1,28.65,25.55,87.95,0.3793,3031944,19.07,106,1334,77.19,640400,10524,36.45,2018,4789347.55140864,20.02,453.185472480344,1.71211689914,78.7842827004219,36.4449613373,10375.0,1272.85714285728,91.82
17.24,32.0,31.68,24.14,96.54,0.4441,4029947,14.32,1458,25261,34.5,640500,13659,40.1,2018,12962264.3505139,107.75,216.261564656944,2.05580815488,59.9404785643071,38.6006677509,17388.0,-375227.0,97.98
216.98,458.36,11.76,12.7,99.97,0.9015,30997659,0.82,2739,29183,84.94,650100,13793,41.9,2018,65632269.8138639,429.58,172.610234227216,7.52193816466,145.849025974026,33.4976796762,102288.0,457516.0,98.73
30.49,75.78,27.38,11.07,100.0,0.6855,8981420,0.56,1747,2365,95.93,650200,7374,43.29,2018,9388422.11881609,120.2,81.7222082967791,8.17391912691,30.396803163879,34.9009655492,16272.0,-22778.0,95.11
